asset,year,region,technology,installed,capacity
0,2020,R1,gasCCGT,2020,1.00000000000
0,2025,R1,gasCCGT,2020,4.00000000000
0,2049,R1,gasCCGT,2020,3.00000000000
0,2050,R1,gasCCGT,2020,3.00000000000
0,2059,R1,gasCCGT,2020,3.00000000000
1,2025,R1,windturbine,2020,10.00000000000
1,2049,R1,windturbine,2020,10.00000000000
