region,timeslice,ammonia
R1,1,14.94182491
R1,2,15.39460748
R1,3,14.94182491
