region,timeslice,ammonia
R1,1,14.92004
R1,2,15.37216242
R1,3,14.92004
