region,timeslice,ammonia
R1,1,14.50612647
R1,2,14.94570606
R1,3,14.50612647
