RegionName,Timeslice,fuel1,fuel2,fuel3,ammonia,CO2f,CO2r,CO2c,CO2s,N2O
R1,1,0,0,0,14.94182491,0,0,0,0,0
R1,2,0,0,0,15.39460748,0,0,0,0,0
R1,3,0,0,0,14.94182491,0,0,0,0,0
