region,timeslice,ammonia
R1,1,13.68853037
R1,2,14.10333432
R1,3,13.68853037
