commodity,year,asset,region,technology,installed,supply
heat,2035,1,R1,gasboiler,2030,1666.49770000000
heat,2035,3,R1,heatpump,2025,162.94380000000
heat,2035,4,R1,heatpump,2030,2597.00640000000
heat,2040,1,R1,gasboiler,2030,1666.49770000000
heat,2040,4,R1,heatpump,2030,2597.00640000000
heat,2040,5,R1,heatpump,2035,282.39010000000
CO2f,2035,1,R1,gasboiler,2030,107839.06460000000
CO2f,2040,1,R1,gasboiler,2030,107839.06449999999
