commodity,year,asset,region,technology,installed,supply
heat,2045,1,R1,gasboiler,2040,1785.94440000000
heat,2045,3,R1,heatpump,2035,282.39010000000
heat,2045,4,R1,heatpump,2040,2554.11580000000
heat,2050,1,R1,gasboiler,2040,1785.94440000000
heat,2050,4,R1,heatpump,2040,2554.11580000000
heat,2050,5,R1,heatpump,2045,358.94180000000
CO2f,2045,1,R1,gasboiler,2040,115568.46420000000
CO2f,2050,1,R1,gasboiler,2040,115568.46430000001
