commodity,year,asset,region,technology,installed,supply
heat,2050,0,R1,gasboiler,2040,1785.94440000000
heat,2050,3,R1,heatpump,2040,2554.11580000000
heat,2050,4,R1,heatpump,2045,358.94180000000
heat,2055,2,R1,gasboiler,2050,1862.50050000000
heat,2055,4,R1,heatpump,2045,358.94180000000
heat,2055,5,R1,heatpump,2050,2507.97630000000
CO2f,2050,0,R1,gasboiler,2040,115568.46430000001
CO2f,2055,2,R1,gasboiler,2050,120522.41030000000
