Commodity,RegionName,Time,R1,R2,R3
Unit,-,Year,GWh/y,GWh/y,GWh/y
electricity,R1,2010,0,0,43634.75713
electricity,R2,2010,0,0,889.9007119
electricity,R3,2010,10240.19806,3058.76046,0
electricity,R1,2050,0,0,21817.37857
electricity,R2,2050,0,0,444.950356
electricity,R3,2050,5120.09903,1529.38023,0
