asset,year,region,technology,installed,capacity
0,2020,R1,gasCCGT,2020,1.00000000000
0,2025,R1,gasCCGT,2020,1.00000000000
1,2025,R1,windturbine,2020,14.97240000000
1,2030,R1,windturbine,2020,14.97240000000
1,2035,R1,windturbine,2020,14.97240000000
1,2040,R1,windturbine,2020,14.97240000000
1,2045,R1,windturbine,2020,14.97240000000
1,2049,R1,windturbine,2020,14.97240000000
