asset,year,region,technology,installed,capacity
1,2035,R1,solarPV,2025,27.41230000000
1,2040,R1,solarPV,2025,27.41230000000
1,2045,R1,solarPV,2025,27.41230000000
1,2049,R1,solarPV,2025,27.41230000000
1,2050,R1,solarPV,2025,27.41230000000
1,2054,R1,solarPV,2025,27.41230000000
2,2035,R1,windturbine,2020,15.17550000000
2,2040,R1,windturbine,2020,15.17550000000
2,2045,R1,windturbine,2020,15.17550000000
2,2049,R1,windturbine,2020,15.17550000000
