asset,year,commodity,region,technology,installed,supply
0,2025,heat,R1,gasboiler,2020,27.00000000000
2,2025,heat,R1,heatpump,2020,19.50000000000
2,2030,heat,R1,heatpump,2020,19.50000000000
3,2030,heat,R1,heatpump,2025,26.75000000000
