asset,year,commodity,region,technology,installed,supply
3,2030,heat,R1,heatpump,2020,19.50000000000
4,2030,heat,R1,heatpump,2025,26.75000000000
4,2035,heat,R1,heatpump,2025,26.75000000000
5,2035,heat,R1,heatpump,2030,31.54170000000
