commodity,year,asset,region,technology,installed,supply
heat,2030,3,R1,heatpump,2020,10.55560000000
heat,2030,4,R1,heatpump,2025,6.11110000000
heat,2035,4,R1,heatpump,2025,6.11110000000
heat,2035,5,R1,heatpump,2030,13.88890000000
