asset,year,commodity,region,technology,installed,supply
3,2035,heat,R1,heatpump,2025,26.75000000000
4,2035,heat,R1,heatpump,2030,31.54170000000
4,2040,heat,R1,heatpump,2030,31.54170000000
5,2040,heat,R1,heatpump,2035,36.74310000000
