commodity,year,asset,region,technology,installed,supply
heat,2045,0,R1,heatpump,2035,9.44440000000
heat,2045,1,R1,heatpump,2040,17.22220000000
heat,2050,1,R1,heatpump,2040,17.22220000000
heat,2050,2,R1,heatpump,2045,12.77780000000
