commodity,year,asset,region,installed,technology,supply
heat,2050,4,R1,2040,gasboiler,15.00000000000
heat,2050,5,R1,2040,heatpump,15.00000000000
heat,2055,6,R1,2050,gasboiler,15.00000000000
heat,2055,7,R1,2050,heatpump,15.00000000000
CO2f,2050,4,R1,2040,gasboiler,970.65000000000
CO2f,2055,6,R1,2050,gasboiler,970.65000000000
