,asset,year,region,installed,technology,capacity
1,0,2025,R1,2020,gasboiler,10.00000000000
9,1,2025,R1,2020,heatpump,44.00000000000
10,1,2030,R1,2020,heatpump,44.00000000000
11,1,2034,R1,2020,heatpump,44.00000000000
