,asset,year,region,technology,installed,capacity
0,0,2030,R1,heatpump,2020,44.00000000000
1,0,2034,R1,heatpump,2020,44.00000000000
9,1,2035,R1,heatpump,2030,96.00000000000
10,1,2040,R1,heatpump,2030,96.00000000000
11,1,2044,R1,heatpump,2030,96.00000000000
