,asset,year,region,installed,technology,capacity
24,2,2040,R1,2020,windturbine,216.39140000000
25,2,2045,R1,2020,windturbine,216.39140000000
26,2,2049,R1,2020,windturbine,216.39140000000
