,asset,year,region,installed,technology,capacity
42,4,2050,R1,2045,solarPV,244.64550000000
43,4,2055,R1,2045,solarPV,244.64550000000
44,4,2059,R1,2045,solarPV,244.64550000000
45,4,2060,R1,2045,solarPV,244.64550000000
46,4,2074,R1,2045,solarPV,244.64550000000
52,5,2050,R1,2045,windturbine,47.99980000000
53,5,2055,R1,2045,windturbine,47.99980000000
54,5,2059,R1,2045,windturbine,47.99980000000
55,5,2060,R1,2045,windturbine,47.99980000000
56,5,2074,R1,2045,windturbine,47.99980000000
