asset,year,region,installed,technology,capacity
0,2025,R1,2020,gasboiler,5.00000000000
1,2025,R1,2020,heatpump,119.00000000000
1,2030,R1,2020,heatpump,119.00000000000
1,2034,R1,2020,heatpump,119.00000000000
