asset,year,region,technology,installed,capacity
0,2035,R1,gasboiler,2030,3.60000000000
0,2040,R1,gasboiler,2030,3.60000000000
0,2044,R1,gasboiler,2030,3.60000000000
1,2030,R1,heatpump,2020,109.50000000000
1,2034,R1,heatpump,2020,109.50000000000
2,2035,R1,heatpump,2030,114.40000000000
2,2040,R1,heatpump,2030,114.40000000000
2,2044,R1,heatpump,2030,114.40000000000
