asset,year,region,installed,technology,capacity
1,2035,R1,2030,gasboiler,3.60000000000
1,2040,R1,2030,gasboiler,3.60000000000
1,2044,R1,2030,gasboiler,3.60000000000
2,2035,R1,2030,heatpump,114.40000000000
2,2040,R1,2030,heatpump,114.40000000000
2,2044,R1,2030,heatpump,114.40000000000
