asset,year,region,technology,installed,capacity
0,2045,R1,heatpump,2035,17.00000000000
0,2049,R1,heatpump,2035,17.00000000000
1,2045,R1,heatpump,2040,31.00000000000
1,2049,R1,heatpump,2040,31.00000000000
1,2050,R1,heatpump,2040,31.00000000000
1,2054,R1,heatpump,2040,31.00000000000
2,2050,R1,heatpump,2045,23.00000000000
2,2054,R1,heatpump,2045,23.00000000000
2,2055,R1,heatpump,2045,23.00000000000
2,2059,R1,heatpump,2045,23.00000000000
