asset,year,region,installed,technology,capacity
2,2050,R1,2040,gasboiler,3.72000000000
2,2054,R1,2040,gasboiler,3.72000000000
3,2050,R1,2040,heatpump,120.28000000000
3,2054,R1,2040,heatpump,120.28000000000
4,2055,R1,2050,gasboiler,2.66400000000
4,2064,R1,2050,gasboiler,2.66400000000
5,2055,R1,2050,heatpump,74.33600000000
5,2064,R1,2050,heatpump,74.33600000000
