asset,year,region,technology,installed,capacity
1,2050,R1,gasboiler,2040,3.72000000000
1,2054,R1,gasboiler,2040,3.72000000000
2,2055,R1,gasboiler,2050,2.66400000000
2,2064,R1,gasboiler,2050,2.66400000000
4,2050,R1,heatpump,2040,120.28000000000
4,2054,R1,heatpump,2040,120.28000000000
5,2055,R1,heatpump,2050,74.33600000000
5,2064,R1,heatpump,2050,74.33600000000
