asset,year,region,technology,installed,capacity
1,2050,R1,heatpump,2040,31.00000000000
1,2054,R1,heatpump,2040,31.00000000000
2,2050,R1,heatpump,2045,23.00000000000
2,2054,R1,heatpump,2045,23.00000000000
2,2055,R1,heatpump,2045,23.00000000000
2,2059,R1,heatpump,2045,23.00000000000
3,2055,R1,heatpump,2050,31.00000000000
3,2059,R1,heatpump,2050,31.00000000000
3,2060,R1,heatpump,2050,31.00000000000
3,2064,R1,heatpump,2050,31.00000000000
