asset,year,region,installed,technology,capacity
0,2020,R1,2020,gassupply1,15.00000000000
0,2025,R1,2020,gassupply1,15.42960000000
0,2030,R1,2020,gassupply1,7.92960000000
0,2035,R1,2020,gassupply1,0.42960000000
0,2040,R1,2020,gassupply1,0.42960000000
0,2045,R1,2020,gassupply1,0.42960000000
0,2050,R1,2020,gassupply1,0.42960000000
0,2059,R1,2020,gassupply1,0.42960000000
