asset,year,region,installed,technology,capacity
0,2025,R1,2020,gassupply1,17.57780000000
0,2030,R1,2020,gassupply1,10.07780000000
0,2035,R1,2020,gassupply1,2.57780000000
0,2040,R1,2020,gassupply1,2.57780000000
0,2045,R1,2020,gassupply1,2.57780000000
0,2050,R1,2020,gassupply1,2.57780000000
0,2059,R1,2020,gassupply1,2.57780000000
