asset,year,region,technology,installed,capacity
0,2020,R1,gassupply1,2020,15.00000000000
0,2025,R1,gassupply1,2020,20.54670000000
0,2030,R1,gassupply1,2020,13.04670000000
0,2035,R1,gassupply1,2020,5.54670000000
0,2040,R1,gassupply1,2020,5.54670000000
0,2045,R1,gassupply1,2020,5.54670000000
0,2050,R1,gassupply1,2020,5.54670000000
0,2059,R1,gassupply1,2020,5.54670000000
