asset,year,region,installed,technology,capacity
0,2045,R1,2020,gassupply1,2.57780000000
0,2050,R1,2020,gassupply1,2.57780000000
0,2059,R1,2020,gassupply1,2.57780000000
1,2045,R1,2030,gassupply1,2.70670000000
1,2050,R1,2030,gassupply1,2.70670000000
1,2059,R1,2030,gassupply1,2.70670000000
1,2060,R1,2030,gassupply1,2.70670000000
1,2069,R1,2030,gassupply1,2.70670000000
