asset,year,region,installed,technology,capacity
0,2050,R1,2020,gassupply1,250.00000000000
0,2055,R1,2020,gassupply1,250.00000000000
0,2059,R1,2020,gassupply1,250.00000000000
