asset,year,region,installed,technology,capacity
0,2025,R1,2020,gassupply1,15.00000000000
0,2030,R1,2020,gassupply1,7.50000000000
1,2030,R1,2025,gassupply1,2.43330000000
1,2035,R1,2025,gassupply1,2.43330000000
1,2040,R1,2025,gassupply1,2.43330000000
1,2045,R1,2025,gassupply1,2.43330000000
1,2050,R1,2025,gassupply1,2.43330000000
1,2064,R1,2025,gassupply1,2.43330000000
