asset,year,region,installed,technology,capacity
0,2030,R1,2020,gassupply1,26.24440000000
0,2031,R1,2020,gassupply1,11.24440000000
0,2033,R1,2020,gassupply1,11.24440000000
0,2035,R1,2020,gassupply1,11.24440000000
0,2040,R1,2020,gassupply1,11.24440000000
0,2045,R1,2020,gassupply1,11.24440000000
0,2050,R1,2020,gassupply1,11.24440000000
0,2056,R1,2020,gassupply1,11.24440000000
1,2030,R2,2020,gassupply1,7.50000000000
