asset,year,region,installed,technology,capacity
0,2040,R1,2020,gassupply1,11.24440000000
0,2041,R1,2020,gassupply1,11.24440000000
0,2043,R1,2020,gassupply1,11.24440000000
0,2045,R1,2020,gassupply1,11.24440000000
0,2050,R1,2020,gassupply1,11.24440000000
0,2056,R1,2020,gassupply1,11.24440000000
