asset,year,region,installed,technology,capacity
1,2045,R1,2025,gassupply1,8.35880000000
1,2050,R1,2025,gassupply1,8.35880000000
1,2064,R1,2025,gassupply1,8.35880000000
2,2045,R1,2030,gassupply1,15.00000000000
2,2050,R1,2030,gassupply1,15.00000000000
2,2064,R1,2030,gassupply1,15.00000000000
2,2065,R1,2030,gassupply1,15.00000000000
2,2069,R1,2030,gassupply1,15.00000000000
4,2045,R2,2030,gassupply1,7.19200000000
4,2050,R2,2030,gassupply1,7.19200000000
4,2069,R2,2030,gassupply1,7.19200000000
