asset,year,region,installed,technology,capacity
1,2050,R1,2025,gassupply1,5.03330000000
1,2055,R1,2025,gassupply1,5.03330000000
1,2064,R1,2025,gassupply1,5.03330000000
2,2050,R1,2030,gassupply1,15.14840000000
2,2055,R1,2030,gassupply1,15.14840000000
2,2064,R1,2030,gassupply1,15.14840000000
2,2065,R1,2030,gassupply1,15.14840000000
2,2069,R1,2030,gassupply1,15.14840000000
