asset,year,region,technology,installed,capacity
0,2020,R1,gasCCGT,2020,1.00000000000
0,2025,R1,gasCCGT,2020,2.09940000000
0,2049,R1,gasCCGT,2020,1.09940000000
0,2050,R1,gasCCGT,2020,1.09940000000
0,2059,R1,gasCCGT,2020,1.09940000000
1,2025,R1,windturbine,2020,0.63330000000
1,2049,R1,windturbine,2020,0.63330000000
