region,attribute,year,electricity,gas,CO2f
R1,CommodityPrice,2020,19.5,7.15275,0.08314119
R1,CommodityPrice,2025,21.93518528,8.10645,0.120069795
R1,CommodityPrice,2030,26.50925917,9.06015,0.156998399
R1,CommodityPrice,2035,26.51851861,9.2191,0.214877567
R1,CommodityPrice,2040,23.85185194,9.37805,0.272756734
R1,CommodityPrice,2045,23.97222222,9.193829337,0.35394801
R1,CommodityPrice,2050,24.06481472,9.009608674,0.435139285
