asset,year,region,installed,technology,capacity
1,2050,R1,2030,gassupply1,5.28440000000
1,2055,R1,2030,gassupply1,5.28440000000
1,2069,R1,2030,gassupply1,5.28440000000
