asset,year,region,technology,installed,capacity
3,2030,R1,heatpump,2020,3.61110000000
3,2034,R1,heatpump,2020,3.61110000000
4,2030,R1,heatpump,2025,4.95370000000
4,2034,R1,heatpump,2025,4.95370000000
4,2035,R1,heatpump,2025,4.95370000000
4,2039,R1,heatpump,2025,4.95370000000
5,2035,R1,heatpump,2030,5.84100000000
5,2039,R1,heatpump,2030,4.72990000000
5,2040,R1,heatpump,2030,4.72990000000
5,2044,R1,heatpump,2030,5.84100000000
