asset,year,region,technology,installed,capacity
3,2035,R1,heatpump,2025,4.95370000000
3,2039,R1,heatpump,2025,4.95370000000
4,2035,R1,heatpump,2030,5.84100000000
4,2039,R1,heatpump,2030,5.84100000000
4,2040,R1,heatpump,2030,5.84100000000
4,2044,R1,heatpump,2030,5.84100000000
5,2040,R1,heatpump,2035,6.80430000000
5,2044,R1,heatpump,2035,5.69320000000
5,2045,R1,heatpump,2035,5.69320000000
5,2049,R1,heatpump,2035,6.80430000000
