asset,year,region,technology,installed,capacity
3,2040,R1,heatpump,2030,5.84100000000
3,2044,R1,heatpump,2030,5.84100000000
4,2040,R1,heatpump,2035,6.80430000000
4,2044,R1,heatpump,2035,6.80430000000
4,2045,R1,heatpump,2035,6.80430000000
4,2049,R1,heatpump,2035,6.80430000000
5,2045,R1,heatpump,2040,7.75480000000
5,2049,R1,heatpump,2040,6.64370000000
5,2050,R1,heatpump,2040,6.64370000000
5,2054,R1,heatpump,2040,7.75480000000
