asset,year,region,technology,installed,capacity
3,2045,R1,heatpump,2035,6.80430000000
3,2049,R1,heatpump,2035,6.80430000000
4,2045,R1,heatpump,2040,7.75480000000
4,2049,R1,heatpump,2040,7.75480000000
4,2050,R1,heatpump,2040,7.75480000000
4,2054,R1,heatpump,2040,7.75480000000
5,2050,R1,heatpump,2045,8.70750000000
5,2054,R1,heatpump,2045,7.59640000000
5,2055,R1,heatpump,2045,7.59640000000
5,2059,R1,heatpump,2045,8.70750000000
