asset,year,region,installed,technology,capacity
4,2050,R1,2040,gasboiler,50.00000000000
4,2054,R1,2040,gasboiler,50.00000000000
5,2050,R1,2040,heatpump,50.00000000000
5,2054,R1,2040,heatpump,50.00000000000
6,2055,R1,2050,gasboiler,50.00000000000
6,2064,R1,2050,gasboiler,50.00000000000
7,2055,R1,2050,heatpump,50.00000000000
7,2064,R1,2050,heatpump,50.00000000000
