Commodity,RegionName,Time,R1,R2,R3
Unit,-,Year,PJ/y,PJ/y,PJ/y
gas,R1,2010,0,0,2840.438
gas,R2,2010,0,0,0.74831
gas,R3,2010,745.8662,1012.164,0
gas,R1,2050,0,0,1420.219
gas,R2,2050,0,0,0.374155
gas,R3,2050,372.9331,506.082,0
gas,R1,2050,0,0,0
gas,R2,2050,0,0,0
gas,R3,2050,0,0,0
