ProcessName,RegionName,Unit,2010,2020,2030,2040,2050
gassupply1,R1,2010,78266.26316,65221.88597,52177.50877,22361.78947,0
gassupply1,R2,2010,53750.16842,44791.80702,35833.44561,17916.72281,0
gassupply1,R3,2010,926530.5263,772108.7719,617687.0175,308843.5088,0
