asset,year,region,technology,installed,capacity
0,2020,USA,gasboiler,2020,10.00000000000
0,2025,USA,gasboiler,2020,5.00000000000
1,2025,USA,heatpump,2020,19.00000000000
1,2030,USA,heatpump,2020,13.00000000000
1,2034,USA,heatpump,2020,19.00000000000
