asset,year,region,technology,installed,capacity
3,2030,USA,heatpump,2020,19.00000000000
3,2034,USA,heatpump,2020,19.00000000000
4,2030,USA,heatpump,2025,11.00000000000
4,2034,USA,heatpump,2025,11.00000000000
4,2035,USA,heatpump,2025,11.00000000000
4,2039,USA,heatpump,2025,11.00000000000
5,2035,USA,heatpump,2030,25.00000000000
5,2039,USA,heatpump,2030,19.00000000000
5,2040,USA,heatpump,2030,19.00000000000
5,2044,USA,heatpump,2030,25.00000000000
