asset,year,region,technology,installed,capacity
3,2035,USA,heatpump,2025,11.00000000000
3,2039,USA,heatpump,2025,11.00000000000
4,2035,USA,heatpump,2030,25.00000000000
4,2039,USA,heatpump,2030,25.00000000000
4,2040,USA,heatpump,2030,25.00000000000
4,2044,USA,heatpump,2030,25.00000000000
5,2040,USA,heatpump,2035,17.00000000000
5,2044,USA,heatpump,2035,11.00000000000
5,2045,USA,heatpump,2035,11.00000000000
5,2049,USA,heatpump,2035,17.00000000000
