asset,year,region,installed,technology,capacity
1,2050,R1,2040,heatpump,31.00000000000
1,2054,R1,2040,heatpump,31.00000000000
2,2050,R1,2045,heatpump,23.00000000000
2,2054,R1,2045,heatpump,23.00000000000
2,2055,R1,2045,heatpump,23.00000000000
2,2059,R1,2045,heatpump,23.00000000000
4,2055,R1,2050,heatpump,31.00000000000
4,2059,R1,2050,heatpump,31.00000000000
4,2060,R1,2050,heatpump,31.00000000000
4,2064,R1,2050,heatpump,31.00000000000
