asset,year,region,installed,technology,capacity
3,2050,USA,2040,heatpump,31.00000000000
3,2054,USA,2040,heatpump,31.00000000000
5,2050,USA,2045,heatpump,23.00000000000
5,2054,USA,2045,heatpump,23.00000000000
5,2055,USA,2045,heatpump,23.00000000000
5,2059,USA,2045,heatpump,23.00000000000
7,2055,USA,2050,heatpump,31.00000000000
7,2059,USA,2050,heatpump,31.00000000000
7,2060,USA,2050,heatpump,31.00000000000
7,2064,USA,2050,heatpump,31.00000000000
