asset,year,region,installed,technology,capacity
2,2050,R1,2040,gasboiler,14.88000000000
2,2054,R1,2040,gasboiler,14.88000000000
3,2050,R1,2040,heatpump,81.12000000000
3,2054,R1,2040,heatpump,81.12000000000
4,2055,R1,2050,gasboiler,10.65600000000
4,2064,R1,2050,gasboiler,10.65600000000
5,2055,R1,2050,heatpump,97.34400000000
5,2064,R1,2050,heatpump,97.34400000000
