asset,year,region,installed,technology,capacity
1,2050,R1,2040,heatpump,52.64930000000
1,2054,R1,2040,heatpump,52.64930000000
3,2050,R1,2045,heatpump,46.58320000000
3,2054,R1,2045,heatpump,46.58320000000
3,2055,R1,2045,heatpump,46.58320000000
3,2059,R1,2045,heatpump,46.58320000000
5,2055,R1,2050,heatpump,11.90620000000
5,2059,R1,2050,heatpump,11.90620000000
5,2060,R1,2050,heatpump,11.90620000000
5,2064,R1,2050,heatpump,11.90620000000
