asset,year,region,technology,installed,capacity
0,2020,R1,gassupply1,2020,15.00000000000
0,2025,R1,gassupply1,2020,35.74370000000
0,2030,R1,gassupply1,2020,21.39670000000
0,2035,R1,gassupply1,2020,13.89670000000
0,2040,R1,gassupply1,2020,13.89670000000
0,2045,R1,gassupply1,2020,13.89670000000
0,2050,R1,gassupply1,2020,13.89670000000
0,2059,R1,gassupply1,2020,20.74370000000
