asset,year,region,installed,technology,capacity
0,2040,R1,2020,gassupply1,56.09630000000
0,2045,R1,2020,gassupply1,56.09630000000
0,2050,R1,2020,gassupply1,56.09630000000
0,2059,R1,2020,gassupply1,56.09630000000
