,asset,year,region,installed,technology,capacity
5,0,2045,R1,2020,gassupply1,570.00000000000
6,0,2050,R1,2020,gassupply1,570.00000000000
7,0,2059,R1,2020,gassupply1,570.00000000000
14,1,2045,R2,2020,gassupply1,570.00000000000
15,1,2050,R2,2020,gassupply1,570.00000000000
16,1,2059,R2,2020,gassupply1,570.00000000000
