,asset,year,region,installed,technology,capacity
0,0,2020,R1,2020,gasCCGT,2.00000000000
1,0,2025,R1,2020,gasCCGT,2.00000000000
9,1,2025,R1,2020,windturbine,21.57410000000
10,1,2030,R1,2020,windturbine,21.57410000000
11,1,2035,R1,2020,windturbine,21.57410000000
12,1,2040,R1,2020,windturbine,21.57410000000
13,1,2045,R1,2020,windturbine,21.57410000000
14,1,2049,R1,2020,windturbine,21.57410000000
