,asset,year,region,technology,installed,capacity
24,3,2030,R1,heatpump,2020,19.00000000000
25,3,2034,R1,heatpump,2020,19.00000000000
32,4,2030,R1,heatpump,2025,11.00000000000
33,4,2034,R1,heatpump,2025,11.00000000000
34,4,2035,R1,heatpump,2025,11.00000000000
35,4,2039,R1,heatpump,2025,11.00000000000
42,5,2035,R1,heatpump,2030,25.00000000000
43,5,2039,R1,heatpump,2030,25.00000000000
44,5,2040,R1,heatpump,2030,25.00000000000
45,5,2044,R1,heatpump,2030,25.00000000000
