,asset,year,region,installed,technology,capacity
23,3,2035,R1,2030,heatpump,301.07480000000
24,3,2040,R1,2030,heatpump,301.07480000000
25,3,2044,R1,2030,heatpump,301.07480000000
