asset,year,region,technology,installed,capacity
0,2035,R1,gasboiler,2030,14.40000000000
0,2040,R1,gasboiler,2030,14.40000000000
0,2044,R1,gasboiler,2030,14.40000000000
2,2035,R1,heatpump,2030,57.60000000000
2,2040,R1,heatpump,2030,57.60000000000
2,2044,R1,heatpump,2030,57.60000000000
