,asset,year,region,technology,installed,capacity
12,2,2040,R1,heatpump,2030,301.07480000000
13,2,2044,R1,heatpump,2030,301.07480000000
20,3,2045,R1,heatpump,2040,308.59250000000
21,3,2050,R1,heatpump,2040,308.59250000000
22,3,2054,R1,heatpump,2040,308.59250000000
