,asset,year,region,technology,installed,capacity
0,0,2040,R1,heatpump,2030,25.00000000000
1,0,2044,R1,heatpump,2030,25.00000000000
7,1,2040,R1,heatpump,2035,17.00000000000
8,1,2044,R1,heatpump,2035,17.00000000000
9,1,2045,R1,heatpump,2035,17.00000000000
10,1,2049,R1,heatpump,2035,17.00000000000
16,2,2045,R1,heatpump,2040,31.00000000000
17,2,2049,R1,heatpump,2040,31.00000000000
18,2,2050,R1,heatpump,2040,31.00000000000
19,2,2054,R1,heatpump,2040,31.00000000000
