,asset,year,region,installed,technology,capacity
14,2,2045,R1,2040,gasboiler,371.03940000000
15,2,2050,R1,2040,gasboiler,371.03940000000
16,2,2054,R1,2040,gasboiler,371.03940000000
20,3,2045,R1,2040,heatpump,395.03940000000
21,3,2050,R1,2040,heatpump,395.03940000000
22,3,2054,R1,2040,heatpump,395.03940000000
