asset,year,region,installed,technology,capacity
2,2045,R1,2040,gasboiler,14.88000000000
2,2050,R1,2040,gasboiler,14.88000000000
2,2054,R1,2040,gasboiler,14.88000000000
3,2045,R1,2040,heatpump,81.12000000000
3,2050,R1,2040,heatpump,81.12000000000
3,2054,R1,2040,heatpump,81.12000000000
