,asset,year,region,installed,technology,capacity
11,1,2050,R1,2040,heatpump,31.00000000000
12,1,2054,R1,2040,heatpump,31.00000000000
20,2,2050,R1,2045,heatpump,23.00000000000
21,2,2054,R1,2045,heatpump,23.00000000000
22,2,2055,R1,2045,heatpump,23.00000000000
23,2,2059,R1,2045,heatpump,23.00000000000
31,3,2055,R1,2050,heatpump,31.00000000000
32,3,2059,R1,2050,heatpump,31.00000000000
33,3,2060,R1,2050,heatpump,31.00000000000
34,3,2064,R1,2050,heatpump,31.00000000000
