asset,year,region,technology,installed,capacity
1,2050,R1,gasboiler,2040,14.88000000000
1,2054,R1,gasboiler,2040,14.88000000000
2,2055,R1,gasboiler,2050,10.65600000000
2,2064,R1,gasboiler,2050,10.65600000000
4,2050,R1,heatpump,2040,81.12000000000
4,2054,R1,heatpump,2040,81.12000000000
5,2055,R1,heatpump,2050,97.34400000000
5,2064,R1,heatpump,2050,97.34400000000
