,asset,year,region,installed,technology,capacity
29,3,2050,R1,2040,heatpump,31.00000000000
30,3,2054,R1,2040,heatpump,31.00000000000
47,5,2050,R1,2045,heatpump,23.00000000000
48,5,2054,R1,2045,heatpump,23.00000000000
49,5,2055,R1,2045,heatpump,23.00000000000
50,5,2059,R1,2045,heatpump,23.00000000000
67,7,2055,R1,2050,heatpump,31.00000000000
68,7,2059,R1,2050,heatpump,31.00000000000
69,7,2060,R1,2050,heatpump,31.00000000000
70,7,2064,R1,2050,heatpump,31.00000000000
