asset,year,region,installed,technology,capacity
1,2030,R1,2020,heatpump,79.20540000000
1,2034,R1,2020,heatpump,79.20540000000
3,2035,R1,2030,heatpump,50.61430000000
3,2040,R1,2030,heatpump,50.61430000000
3,2044,R1,2030,heatpump,50.61430000000
