asset,year,region,installed,technology,capacity
3,2035,R1,2030,heatpump,50.61430000000
3,2040,R1,2030,heatpump,50.61430000000
3,2044,R1,2030,heatpump,50.61430000000
