asset,year,region,technology,installed,capacity
0,2020,R1,gasCCGT,2020,2.00000000000
0,2025,R1,gasCCGT,2020,12.00000000000
0,2049,R1,gasCCGT,2020,10.00000000000
0,2050,R1,gasCCGT,2020,10.00000000000
0,2059,R1,gasCCGT,2020,10.00000000000
1,2025,R1,solarPV,2020,10.00000000000
1,2049,R1,solarPV,2020,10.00000000000
2,2025,R1,windturbine,2020,15.17200000000
2,2049,R1,windturbine,2020,15.17200000000
