,asset,year,region,technology,installed,capacity
0,0,2025,R1,gassupply1,2020,15.00000000000
1,0,2030,R1,gassupply1,2020,7.50000000000
9,1,2030,R1,gassupply1,2025,2.79440000000
10,1,2035,R1,gassupply1,2025,2.79440000000
11,1,2040,R1,gassupply1,2025,2.79440000000
12,1,2045,R1,gassupply1,2025,2.79440000000
13,1,2050,R1,gassupply1,2025,2.79440000000
14,1,2064,R1,gassupply1,2025,2.79440000000
