,asset,year,region,installed,technology,capacity
16,1,2050,R1,2025,gassupply1,2.79440000000
17,1,2055,R1,2025,gassupply1,2.79440000000
18,1,2064,R1,2025,gassupply1,2.79440000000
27,2,2050,R1,2030,gassupply1,7.50000000000
28,2,2055,R1,2030,gassupply1,7.50000000000
29,2,2064,R1,2030,gassupply1,7.50000000000
30,2,2065,R1,2030,gassupply1,7.50000000000
31,2,2069,R1,2030,gassupply1,7.50000000000
