asset,year,region,technology,installed,capacity
0,2020,R1,gassupply1,2020,15.00000000000
0,2025,R1,gassupply1,2020,15.00000000000
0,2030,R1,gassupply1,2020,7.50000000000
1,2050,R1,gassupply1,2045,2.04110000000
1,2084,R1,gassupply1,2045,2.04110000000
