commodity,region,year,asset,technology,installed,supply
heat,R1,2025,0,gasboiler,2020,2.77780000000
heat,R1,2025,2,heatpump,2020,10.55560000000
heat,R1,2030,1,gasboiler,2025,1.72220000000
heat,R1,2030,2,heatpump,2020,10.55560000000
heat,R1,2030,3,heatpump,2025,4.38890000000
CO2f,R1,2025,0,gasboiler,2020,179.75000000000
CO2f,R1,2030,1,gasboiler,2025,111.44500000000
