commodity,region,year,asset,technology,installed,supply
heat,R1,2030,1,gasboiler,2025,1.72220000000
heat,R1,2030,3,heatpump,2020,10.55560000000
heat,R1,2030,4,heatpump,2025,4.38890000000
heat,R1,2035,1,gasboiler,2025,1.72220000000
heat,R1,2035,4,heatpump,2025,4.38890000000
heat,R1,2035,5,heatpump,2030,13.88890000000
CO2f,R1,2030,1,gasboiler,2025,111.44500000000
CO2f,R1,2035,1,gasboiler,2025,111.44500000000
