commodity,year,asset,region,technology,installed,supply
heat,2040,1,R1,gasboiler,2035,0.50560000000
heat,2040,3,R1,heatpump,2030,13.88890000000
heat,2040,4,R1,heatpump,2035,8.93890000000
heat,2045,1,R1,gasboiler,2035,0.50560000000
heat,2045,4,R1,heatpump,2035,8.93890000000
heat,2045,5,R1,heatpump,2040,17.22220000000
CO2f,2040,1,R1,gasboiler,2035,32.71450000000
CO2f,2045,1,R1,gasboiler,2035,32.71450000000
