commodity,region,year,asset,technology,installed,supply
heat,R1,2040,3,heatpump,2030,13.88890000000
heat,R1,2040,4,heatpump,2035,9.44440000000
heat,R1,2045,4,heatpump,2035,9.44440000000
heat,R1,2045,5,heatpump,2040,17.22220000000
