commodity,region,year,asset,technology,installed,supply
heat,R1,2045,3,heatpump,2035,9.44440000000
heat,R1,2045,4,heatpump,2040,17.22220000000
heat,R1,2050,4,heatpump,2040,17.22220000000
heat,R1,2050,5,heatpump,2045,12.77780000000
