asset,year,region,technology,installed,capacity
0,2020,R1,gasboiler,2020,10.00000000000
0,2025,R1,gasboiler,2020,3368.18440000000
0,2030,R1,gasboiler,2020,3363.18440000000
0,2034,R1,gasboiler,2020,3363.18440000000
1,2025,R1,heatpump,2020,5323.83860000000
1,2030,R1,heatpump,2020,5000.00000000000
1,2034,R1,heatpump,2020,5323.83860000000
