asset,year,region,technology,installed,capacity
0,2045,R1,windturbine,2020,60.00000000000
0,2049,R1,windturbine,2020,60.00000000000
1,2050,R1,windturbine,2045,120.00000000000
1,2074,R1,windturbine,2045,120.00000000000
