asset,year,region,installed,technology,capacity
1,2050,R1,2045,windturbine,120.00000000000
1,2055,R1,2045,windturbine,120.00000000000
1,2074,R1,2045,windturbine,120.00000000000
