,asset,year,dst_region,region,technology,installed,capacity
0,0,2030,R1,R1,gasCCGT,2010,153.60000000000
2,0,2035,R1,R1,gasCCGT,2010,122.88000000000
4,0,2040,R1,R1,gasCCGT,2010,98.30400000000
6,0,2045,R1,R1,gasCCGT,2010,78.64320000000
8,0,2050,R1,R1,gasCCGT,2010,62.91460000000
11,1,2030,R2,R2,gasCCGT,2010,98.00000000000
13,1,2035,R2,R2,gasCCGT,2010,68.60000000000
15,1,2040,R2,R2,gasCCGT,2010,48.02000000000
17,1,2045,R2,R2,gasCCGT,2010,33.61400000000
19,1,2050,R2,R2,gasCCGT,2010,23.52980000000
