,year,dst_region,asset,region,technology,installed,capacity
0,2030,R1,0,R1,gasCCGT,2010,153.60000000000
3,2030,R2,1,R2,gasCCGT,2010,98.00000000000
4,2035,R1,0,R1,gasCCGT,2010,122.88000000000
7,2035,R2,1,R2,gasCCGT,2010,68.60000000000
8,2040,R1,0,R1,gasCCGT,2010,98.30400000000
11,2040,R2,1,R2,gasCCGT,2010,48.02000000000
12,2045,R1,0,R1,gasCCGT,2010,78.64320000000
15,2045,R2,1,R2,gasCCGT,2010,33.61400000000
16,2050,R1,0,R1,gasCCGT,2010,62.91460000000
19,2050,R2,1,R2,gasCCGT,2010,23.52980000000
