asset,year,region,installed,technology,capacity
0,2025,R1,2020,gassupply1,16.46440000000
0,2030,R1,2020,gassupply1,8.96440000000
0,2035,R1,2020,gassupply1,1.46440000000
0,2040,R1,2020,gassupply1,1.46440000000
0,2045,R1,2020,gassupply1,1.46440000000
0,2050,R1,2020,gassupply1,1.46440000000
0,2059,R1,2020,gassupply1,1.46440000000
