asset,year,region,installed,technology,capacity
0,2045,R1,2020,gassupply1,2.57780000000
0,2050,R1,2020,gassupply1,2.57780000000
0,2059,R1,2020,gassupply1,2.57780000000
