asset,year,region,technology,installed,capacity
0,2026,R1,gassupply1,2020,7.50000000000
0,2028,R1,gassupply1,2020,7.50000000000
0,2030,R1,gassupply1,2020,7.50000000000
1,2026,R2,gassupply1,2020,7.50000000000
1,2028,R2,gassupply1,2020,7.50000000000
1,2030,R2,gassupply1,2020,7.50000000000
