asset,year,region,installed,technology,capacity
0,2028,R1,2020,gassupply1,7.50000000000
0,2030,R1,2020,gassupply1,7.50000000000
1,2028,R2,2020,gassupply1,7.50000000000
1,2030,R2,2020,gassupply1,7.50000000000
