asset,year,region,installed,technology,capacity
1,2040,R1,2030,gassupply1,2.99730000000
1,2042,R1,2030,gassupply1,2.99730000000
1,2045,R1,2030,gassupply1,2.99730000000
1,2050,R1,2030,gassupply1,2.99730000000
1,2066,R1,2030,gassupply1,2.99730000000
3,2040,R2,2030,gassupply1,2.99730000000
3,2042,R2,2030,gassupply1,2.99730000000
3,2045,R2,2030,gassupply1,2.99730000000
3,2050,R2,2030,gassupply1,2.99730000000
3,2066,R2,2030,gassupply1,2.99730000000
