RegionName,Attribute,Time,fuel3,fuel1,fuel2
R1,CommodityPrice,2020,0.070199438,1.175438596,9.482604429
R1,CommodityPrice,2025,0.082799338,1.166666667,10.71081441
R1,CommodityPrice,2030,0.095399237,1.157894737,11.93902439
R1,CommodityPrice,2035,0.090719274,1.149122807,11.81551724
R1,CommodityPrice,2040,0.086039312,1.140350877,11.69201009
R1,CommodityPrice,2045,0.086039312,1.140350877,11.69201009
R1,CommodityPrice,2050,0.086039312,1.140350877,11.69201009
