commodity,year,asset,region,technology,installed,supply
heat,2020,0,R1,gasboiler,2020,10.00000000000
heat,2025,0,R1,gasboiler,2020,5.08670000000
heat,2025,1,R1,heatpump,2020,8.24660000000
CO2f,2020,0,R1,gasboiler,2020,647.10000000000
CO2f,2025,0,R1,gasboiler,2020,329.16070000000
