commodity,year,asset,region,technology,installed,supply
heat,2025,0,R1,gasboiler,2020,5.55560000000
heat,2025,2,R1,heatpump,2020,7.77780000000
heat,2030,1,R1,gasboiler,2025,4.77780000000
heat,2030,2,R1,heatpump,2020,7.77780000000
heat,2030,3,R1,heatpump,2025,4.11110000000
CO2f,2025,0,R1,gasboiler,2020,359.50000000000
CO2f,2030,1,R1,gasboiler,2025,309.17000000000
