commodity,year,asset,region,installed,technology,supply
heat,2050,3,R1,2040,heatpump,14.44440000000
heat,2050,4,R1,2045,gasboiler,0.91440000000
heat,2050,5,R1,2045,heatpump,14.64110000000
heat,2055,4,R1,2045,gasboiler,0.91440000000
heat,2055,5,R1,2045,heatpump,14.64110000000
heat,2055,7,R1,2050,heatpump,14.44440000000
CO2f,2050,4,R1,2045,gasboiler,59.17370000000
CO2f,2055,4,R1,2045,gasboiler,59.17370000000
