commodity,year,asset,region,installed,technology,supply
heat,2040,2,R1,2030,gasboiler,11.66670000000
heat,2040,3,R1,2030,heatpump,11.66670000000
heat,2045,4,R1,2040,gasboiler,13.33330000000
heat,2045,5,R1,2040,heatpump,13.33330000000
CO2f,2040,2,R1,2030,gasboiler,754.95000000000
CO2f,2045,4,R1,2040,gasboiler,862.80000000000
