asset,year,region,technology,installed,capacity
0,2020,R1,gasCCGT,2020,2.00000000000
0,2025,R1,gasCCGT,2020,2.00000000000
2,2022,R1,windturbine,2020,63.50000000000
2,2046,R1,windturbine,2020,63.50000000000
3,2020,R2,gasCCGT,2020,2.00000000000
3,2025,R2,gasCCGT,2020,2.00000000000
5,2022,R2,windturbine,2020,63.50000000000
5,2046,R2,windturbine,2020,63.50000000000
