,asset,year,region,technology,installed,capacity
29,3,2050,R1,solarPV,2045,244.64550000000
30,3,2059,R1,solarPV,2045,244.64550000000
31,3,2060,R1,solarPV,2045,244.64550000000
32,3,2074,R1,solarPV,2045,244.64550000000
36,4,2045,R1,windturbine,2020,216.39140000000
37,4,2049,R1,windturbine,2020,216.39140000000
47,5,2050,R1,windturbine,2045,47.99980000000
48,5,2059,R1,windturbine,2045,47.99980000000
49,5,2060,R1,windturbine,2045,47.99980000000
50,5,2074,R1,windturbine,2045,47.99980000000
