commodity,year,asset,region,technology,installed,supply
heat,2035,0,R1,gasboiler,2025,4.77780000000
heat,2035,3,R1,heatpump,2025,4.11110000000
heat,2035,4,R1,heatpump,2030,11.11110000000
heat,2040,2,R1,gasboiler,2035,3.25560000000
heat,2040,4,R1,heatpump,2030,11.11110000000
heat,2040,5,R1,heatpump,2035,8.96670000000
CO2f,2035,0,R1,gasboiler,2025,309.17000000000
CO2f,2040,2,R1,gasboiler,2035,210.66700000000
