asset,year,region,technology,installed,capacity
0,2025,R1,gasboiler,2020,3044.34550000000
0,2030,R1,gasboiler,2020,3039.34550000000
0,2034,R1,gasboiler,2020,3039.34550000000
2,2025,R1,heatpump,2020,5323.83820000000
2,2030,R1,heatpump,2020,5323.83820000000
2,2034,R1,heatpump,2020,5323.83820000000
3,2030,R1,heatpump,2025,328.83930000000
3,2034,R1,heatpump,2025,5.00070000000
3,2035,R1,heatpump,2025,5.00070000000
3,2039,R1,heatpump,2025,328.83930000000
