,asset,year,region,technology,installed,capacity
0,0,2050,R1,heatpump,2040,18.56530000000
1,0,2054,R1,heatpump,2040,18.56530000000
7,1,2050,R1,heatpump,2045,6.95790000000
8,1,2054,R1,heatpump,2045,6.95790000000
9,1,2055,R1,heatpump,2045,6.95790000000
10,1,2059,R1,heatpump,2045,6.95790000000
16,2,2055,R1,heatpump,2050,18.73580000000
17,2,2059,R1,heatpump,2050,18.73580000000
18,2,2060,R1,heatpump,2050,18.73580000000
19,2,2064,R1,heatpump,2050,18.73580000000
