,asset,year,region,installed,technology,capacity
1,0,2025,R1,2020,gasboiler,201.66100000000
2,0,2030,R1,2020,gasboiler,196.66100000000
3,0,2034,R1,2020,gasboiler,196.66100000000
9,1,2025,R1,2020,heatpump,285.71690000000
10,1,2030,R1,2020,heatpump,285.71690000000
11,1,2034,R1,2020,heatpump,285.71690000000
