,asset,year,region,technology,installed,capacity
14,2,2030,R1,heatpump,2020,287.59670000000
15,2,2034,R1,heatpump,2020,287.59670000000
23,3,2035,R1,heatpump,2030,301.07480000000
24,3,2040,R1,heatpump,2030,301.07480000000
25,3,2044,R1,heatpump,2030,301.07480000000
