,asset,year,region,technology,installed,capacity
2,0,2035,R1,gasboiler,2030,3.60000000000
3,0,2040,R1,gasboiler,2030,3.60000000000
4,0,2044,R1,gasboiler,2030,3.60000000000
7,1,2030,R1,heatpump,2020,109.50000000000
8,1,2034,R1,heatpump,2020,109.50000000000
16,2,2035,R1,heatpump,2030,114.40000000000
17,2,2040,R1,heatpump,2030,114.40000000000
18,2,2044,R1,heatpump,2030,114.40000000000
