,asset,year,region,technology,installed,capacity
0,0,2030,R1,gasboiler,2020,196.66100000000
1,0,2034,R1,gasboiler,2020,196.66100000000
9,1,2035,R1,gasboiler,2030,370.98420000000
10,1,2040,R1,gasboiler,2030,370.98420000000
11,1,2044,R1,gasboiler,2030,370.98420000000
14,2,2030,R1,heatpump,2020,285.71690000000
15,2,2034,R1,heatpump,2020,285.71690000000
23,3,2035,R1,heatpump,2030,388.98420000000
24,3,2040,R1,heatpump,2030,388.98420000000
25,3,2044,R1,heatpump,2030,388.98420000000
