,asset,year,region,installed,technology,capacity
16,2,2035,R1,2030,gasboiler,370.98420000000
17,2,2040,R1,2030,gasboiler,370.98420000000
18,2,2044,R1,2030,gasboiler,370.98420000000
23,3,2035,R1,2030,heatpump,388.98420000000
24,3,2040,R1,2030,heatpump,388.98420000000
25,3,2044,R1,2030,heatpump,388.98420000000
