,asset,year,region,technology,installed,capacity
0,0,2040,R1,gasboiler,2030,370.98420000000
1,0,2044,R1,gasboiler,2030,370.98420000000
8,1,2045,R1,gasboiler,2040,371.03940000000
9,1,2050,R1,gasboiler,2040,371.03940000000
10,1,2054,R1,gasboiler,2040,371.03940000000
12,2,2040,R1,heatpump,2030,388.98420000000
13,2,2044,R1,heatpump,2030,388.98420000000
20,3,2045,R1,heatpump,2040,395.03940000000
21,3,2050,R1,heatpump,2040,395.03940000000
22,3,2054,R1,heatpump,2040,395.03940000000
