asset,year,region,installed,technology,capacity
3,2040,R1,2030,heatpump,50.61430000000
3,2044,R1,2030,heatpump,50.61430000000
5,2045,R1,2040,heatpump,52.64930000000
5,2050,R1,2040,heatpump,52.64930000000
5,2054,R1,2040,heatpump,52.64930000000
