asset,year,region,technology,installed,capacity
1,2045,R1,gasboiler,2040,7.44000000000
1,2050,R1,gasboiler,2040,7.44000000000
1,2054,R1,gasboiler,2040,7.44000000000
3,2045,R1,heatpump,2040,140.56000000000
3,2050,R1,heatpump,2040,140.56000000000
3,2054,R1,heatpump,2040,140.56000000000
