,asset,year,region,installed,technology,capacity
20,3,2045,R1,2040,heatpump,308.59250000000
21,3,2050,R1,2040,heatpump,308.59250000000
22,3,2054,R1,2040,heatpump,308.59250000000
