asset,year,region,installed,technology,capacity
2,2050,R1,2040,gasboiler,7.44000000000
2,2054,R1,2040,gasboiler,7.44000000000
3,2050,R1,2040,heatpump,140.56000000000
3,2054,R1,2040,heatpump,140.56000000000
4,2055,R1,2050,gasboiler,9.32800000000
4,2064,R1,2050,gasboiler,9.32800000000
5,2055,R1,2050,heatpump,98.67200000000
5,2064,R1,2050,heatpump,98.67200000000
