,asset,year,region,installed,technology,capacity
19,2,2050,R1,2040,gasboiler,371.03940000000
20,2,2054,R1,2040,gasboiler,371.03940000000
27,3,2050,R1,2040,heatpump,395.03940000000
28,3,2054,R1,2040,heatpump,395.03940000000
37,4,2055,R1,2050,gasboiler,185.64780000000
38,4,2064,R1,2050,gasboiler,185.64780000000
45,5,2055,R1,2050,heatpump,212.64780000000
46,5,2064,R1,2050,heatpump,212.64780000000
