asset,year,region,technology,installed,capacity
1,2035,R1,gassupply1,2030,1.41560000000
1,2040,R1,gassupply1,2030,1.41560000000
1,2045,R1,gassupply1,2030,1.41560000000
1,2050,R1,gassupply1,2030,1.41560000000
1,2069,R1,gassupply1,2030,1.41560000000
2,2040,R1,gassupply1,2035,0.11800000000
2,2045,R1,gassupply1,2035,0.11800000000
2,2050,R1,gassupply1,2035,0.11800000000
2,2069,R1,gassupply1,2035,0.11800000000
2,2070,R1,gassupply1,2035,0.11800000000
2,2074,R1,gassupply1,2035,0.11800000000
