asset,year,region,installed,technology,capacity
1,2045,R1,2030,gassupply1,24.95650000000
1,2050,R1,2030,gassupply1,24.95650000000
1,2069,R1,2030,gassupply1,24.95650000000
