asset,year,region,technology,installed,capacity
1,2050,R1,gassupply1,2030,23.20780000000
1,2055,R1,gassupply1,2030,23.20780000000
1,2069,R1,gassupply1,2030,23.20780000000
