asset,year,region,technology,installed,capacity
0,2020,USA,gasCCGT,2020,1.00000000000
0,2025,USA,gasCCGT,2020,1.00000000000
1,2025,USA,windturbine,2020,16.75140000000
1,2049,USA,windturbine,2020,16.75140000000
