,asset,year,region,technology,installed,capacity
0,0,2040,R1,gassupply1,2030,6.34590000000
1,0,2044,R1,gassupply1,2030,6.34590000000
9,1,2040,R1,gassupply1,2035,1.03510000000
10,1,2044,R1,gassupply1,2035,1.03510000000
11,1,2045,R1,gassupply1,2035,1.03510000000
12,1,2049,R1,gassupply1,2035,1.03510000000
20,2,2045,R1,gassupply1,2040,6.66810000000
21,2,2049,R1,gassupply1,2040,6.66810000000
22,2,2050,R1,gassupply1,2040,6.66810000000
23,2,2054,R1,gassupply1,2040,6.66810000000
