,asset,year,region,installed,technology,capacity
39,3,2055,R1,2050,gassupply1,5.80000000000
40,3,2060,R1,2050,gassupply1,5.80000000000
41,3,2064,R1,2050,gassupply1,5.80000000000
