technology,region,year,ammonia,CO2f
procammonia_1,R1,2010,1,4168.06
procammonia_2,R1,2010,1,3111.835705
procammonia_1,R1,2050,1,3910.772346
procammonia_2,R1,2050,1,2919.747081
procammonia_1,R1,2100,1,3910.772346
procammonia_2,R1,2100,1,2919.747081
