,asset,year,region,installed,technology,capacity
18,1,2050,R1,2025,gassupply1,0.31240000000
19,1,2055,R1,2025,gassupply1,0.31240000000
20,1,2064,R1,2025,gassupply1,0.31240000000
30,2,2050,R1,2030,gassupply1,7.50000000000
31,2,2055,R1,2030,gassupply1,7.50000000000
32,2,2064,R1,2030,gassupply1,7.50000000000
33,2,2065,R1,2030,gassupply1,7.50000000000
34,2,2069,R1,2030,gassupply1,7.50000000000
