,asset,year,region,installed,technology,capacity
0,0,2020,R1,2020,gassupply1,15.00000000000
1,0,2025,R1,2020,gassupply1,15.00000000000
2,0,2030,R1,2020,gassupply1,7.50000000000
7,1,2020,R2,2020,gassupply1,15.00000000000
8,1,2025,R2,2020,gassupply1,15.00000000000
9,1,2030,R2,2020,gassupply1,7.50000000000
