asset,year,region,installed,technology,capacity
1,2050,R1,2030,gassupply1,2.76200000000
1,2055,R1,2030,gassupply1,2.76200000000
1,2069,R1,2030,gassupply1,2.76200000000
3,2050,R2,2030,gassupply1,2.76200000000
3,2055,R2,2030,gassupply1,2.76200000000
3,2069,R2,2030,gassupply1,2.76200000000
