asset,year,region,technology,installed,capacity
0,2020,R1,gassupply1,2020,15.00000000000
0,2025,R1,gassupply1,2020,15.00000000000
0,2030,R1,gassupply1,2020,7.50000000000
1,2050,R1,gassupply1,2045,0.24460000000
1,2084,R1,gassupply1,2045,0.24460000000
2,2020,R2,gassupply1,2020,15.00000000000
2,2025,R2,gassupply1,2020,15.00000000000
2,2030,R2,gassupply1,2020,7.50000000000
3,2050,R2,gassupply1,2045,0.24460000000
3,2084,R2,gassupply1,2045,0.24460000000
