asset,year,region,technology,installed,capacity
0,2040,R1,gasboiler,2030,100.00000000000
0,2044,R1,gasboiler,2030,100.00000000000
1,2045,R1,gasboiler,2040,100.00000000000
1,2050,R1,gasboiler,2040,100.00000000000
1,2054,R1,gasboiler,2040,100.00000000000
2,2040,R1,heatpump,2030,100.00000000000
2,2044,R1,heatpump,2030,100.00000000000
3,2045,R1,heatpump,2040,100.00000000000
3,2050,R1,heatpump,2040,100.00000000000
3,2054,R1,heatpump,2040,100.00000000000
