,asset,year,region,installed,technology,capacity
12,1,2045,R1,2025,gassupply1,47.99990000000
13,1,2050,R1,2025,gassupply1,47.99990000000
14,1,2064,R1,2025,gassupply1,47.99990000000
