,asset,year,region,installed,technology,capacity
12,1,2050,R1,2030,gassupply1,41.22330000000
13,1,2055,R1,2030,gassupply1,41.22330000000
14,1,2069,R1,2030,gassupply1,41.22330000000
