,asset,year,region,installed,technology,capacity
14,1,2050,R1,2025,gassupply1,47.99990000000
15,1,2055,R1,2025,gassupply1,47.99990000000
16,1,2064,R1,2025,gassupply1,47.99990000000
