,asset,year,region,installed,technology,capacity
10,1,2035,R1,2025,gassupply1,47.99990000000
11,1,2040,R1,2025,gassupply1,47.99990000000
12,1,2045,R1,2025,gassupply1,47.99990000000
13,1,2050,R1,2025,gassupply1,47.99990000000
14,1,2064,R1,2025,gassupply1,47.99990000000
