,asset,year,region,installed,technology,capacity
9,1,2040,R1,2030,gassupply1,41.22330000000
10,1,2045,R1,2030,gassupply1,41.22330000000
11,1,2050,R1,2030,gassupply1,41.22330000000
12,1,2069,R1,2030,gassupply1,41.22330000000
