asset,year,region,technology,installed,capacity
1,2045,R1,gassupply1,2030,27.93530000000
1,2050,R1,gassupply1,2030,27.93530000000
1,2069,R1,gassupply1,2030,27.93530000000
