,asset,year,dst_region,region,technology,installed,capacity
0,0,2020,R1,R1,gasCCGT,2010,20.00000000000
2,0,2025,R1,R1,gasCCGT,2010,10.00000000000
4,0,2030,R1,R1,gasCCGT,2010,5.00000000000
33,2,2020,R2,R2,gasCCGT,2010,20.00000000000
35,2,2025,R2,R2,gasCCGT,2010,10.00000000000
37,2,2030,R2,R2,gasCCGT,2010,5.00000000000
