,asset,year,dst_region,region,technology,installed,capacity
0,0,2030,R1,R1,gasCCGT,2010,5.00000000000
41,2,2030,R2,R2,gasCCGT,2010,5.00000000000
60,3,2030,R1,R2,solarPV,2025,48.75000000000
62,3,2035,R1,R2,solarPV,2025,48.75000000000
64,3,2040,R1,R2,solarPV,2025,48.75000000000
66,3,2045,R1,R2,solarPV,2025,48.75000000000
68,3,2049,R1,R2,solarPV,2025,48.75000000000
70,3,2050,R1,R2,solarPV,2025,48.75000000000
72,3,2054,R1,R2,solarPV,2025,48.75000000000
