asset,year,region,installed,technology,capacity
1,2050,R1,2030,gassupply1,4.91540000000
1,2055,R1,2030,gassupply1,4.91540000000
1,2069,R1,2030,gassupply1,4.91540000000
