ProcessName,RegionName,Unit,2010,2020,2030,2040,2050
gasboiler,R1,PJ/y,946.8,662.76,463.932,324.7524,227.32668
heatpump,R1,PJ/y,0,0,0,0,0
gasboiler,R2,PJ/y,50,35,24.5,17.15,12.005
heatpump,R2,PJ/y,0,0,0,0,0
gasboiler,R3,PJ/y,7267.2,5087.04,3560.928,2492.6496,1744.85472
heatpump,R3,PJ/y,0,0,0,0,0
