SN,RegionName,electricity,gas,heat,CO2f,wind
1,R1,0,0,0.034835,0,0
2,R1,0,0,0.064546,0,0
3,R1,0,0,0.044569,0,0
4,R1,0,0,0.011161,0,0
5,R1,0,0,0.014145,0,0
6,R1,0,0,0.085783,0,0